Name,Category,Price,Description,Colors,Sizes,Gender,Occasion,Brand,Fit
GRECIILOOKS Women High Rise Flared Korean Style Formal Pants (Combo Pack of 2),trousers,799.0,"Women High Rise High Waist Trousers Flared Korean Style Formal Pants. Elegant Workwear for Office, College & Events. Combo Pack of 2.",black,"L, S, XL, M",women,"office, college, events, formal",GRECIILOOKS,flared
"KOTTY Women's High Waist Denim Jeans - Straight, Relaxed & Wide Leg Fit",jeans,899.0,KOTTY Women's High Waist Denim Jeans. Constructed with durable cotton lycra blend offering comfort and flexibility. High-rise design with slim fit providing ample room for movement. Machine wash cold ,blue,"L, S, XL, M",women,"wedding, bachelor-party, anniversary, birthday, casual",KOTTY,"['straight', 'relaxed', 'wide-leg', 'slim']"
"KOTTY Women's High Waist Denim Jeans - Straight, Relaxed & Wide Leg Fit",jeans,899.0,KOTTY Women's High Waist Denim Jeans. Constructed with durable cotton lycra blend offering comfort and flexibility. High-rise design with slim fit providing ample room for movement. Machine wash cold ,,,women,"wedding, bachelor-party, anniversary, birthday, casual",KOTTY,"['straight', 'relaxed', 'wide-leg', 'slim']"
Symbol Women's Skinny Fit High Rise Ankle Length Jeans,jeans,699.0,"Cotton poly stretch blend for unrestricted movement and comfort. High-rise, ankle-length, skinny-fit jeans featuring classic five-pocket design and zip fly with button closure. Crafted with high quali",light-blue,"L, S, XL, M",women,casual,Symbol,skinny
Sheetal Associates Women's Black & White Vertical Striped Shirt Dress,dresses,999.0,"Comfortable relaxed fit summer dress in crepe fabric. Fit and flare style with roll-up sleeves, collared neck and drawstring closure. A-line silhouette, above knee/mid thigh length. High waist with bu",black,"XL, M, L, S, 2XL",women,"casual, summer",Sheetal Associates,"['relaxed', 'fit-and-flare', 'a-line']"
Leriya Fashion Women's Western One Piece Half Sleeve Casual Summer Dress,dresses,1999.0,"Breathable lightweight and soft rayon fabric. Flowy A-line, wrap and relaxed fits enhance curves while offering ease of movement. V-Neck with half sleeves, below the knee length. Designed for everyday",blue,"XL, M, L, S, 3XL, 2XL",women,"party, casual, beach, summer, evening, diwali, anniversary, birthday, valentines-day, vacation",Leriya Fashion,"['a-line', 'wrap', 'relaxed', 'flowy']"
Shasmi Women's Solid A-Line Ruched Puff Sleeve Maxi Long Evening Dress,dresses,2299.0,"95% Polyester, 5% Elastane with stretch, soft and comfortable. Features ruched detail, sweetheart neckline, puff sleeves, high waist, A-line silhouette with flare hem. Simple yet elegant, exudes femin",maroon,"XL, 4XL, M, L, S, 3XL, 2XL",women,"evening, casual, office, party, holidays",Shasmi,a-line
Sheetal Associates Women's Casual Full Sleeve Crepe Fit & Flare Dress,dresses,1199.0,"Comfortable relaxed fit summer party dress in crepe fabric. Fit and flare style with full sleeves and collared neck. Printed pattern, below knee length. Machine washable. Ideal for casual and party we",brown-black,"XL, M, XS, L, S, 2XL",women,"casual, party, summer",Sheetal Associates,fit-and-flare
Leriya Fashion Women's Jacquard Sleeveless Maxi Dress - Round Neck A-Line,dresses,1999.0,"Premium jacquard fabric with elegant finish. Breathable poly blend and cotton mix offering soft touch, stylish drape and all day comfort. Sleeveless A-line maxi length. Wrinkle resistant, colourfast f",white,"XL, M, L, S, 3XL, 2XL",women,"party, wedding, birthday, vacation, college, festive, casual, new-year, anniversary, honeymoon",Leriya Fashion,a-line
Miss Chase Women's Halter Neck Sleeveless Embellished Layered Maxi Dress,Dresses,6245.0,"Miss Chase Women's Halter Neck Sleeveless Embellished Layered Maxi Dress in georgette fabric. Features zip closure, relaxed fit, and embellished layered design. Perfect for parties and casual occasion","Multicolored-Base-Dusty Peach, Brick Red, Mauve, Multicolored-Base-Wine","XL, M, XS, L, S",,,,
Nifty Women's Denim Straight Fit Boyfriend Jeans,jeans,1299.0,"70% Cotton, 28% Poly, 2% Spandex. Stretchable boyfriend jeans with straight fit and high rise. Zip fly with button closure. 5 pockets. Inseam length 28 inches. Full length.",black,"30, 36, 32, 26, 34, 28",women,"evening, casual",Nifty,"['straight', 'boyfriend']"
Dream Beauty Fashion Women's Sweet Heart Neck Puff Sleeve Elegant Casual Top,tops,999.0,"Polyester blend top with sweet heart neck and balloon/puff bishop sleeves. Slim fit, 23 inches length. Perfect for lounge, outdoor, street, work, going out and dailywear.",rani-pink,"XL, M, XS, L, S",women,"casual, lounge, outdoor, street, work, going-out, daily",Dream Beauty Fashion,slim
Myx Women's Rayon Floral Kurta and Pant Set,kurta-sets,3299.0,100% Rayon Anarkali fit kurta and pant set with khadi print and contrast embroidery. Square neck with blouson 3/4th sleeves in non-sheer fabric. Calf length. Made using eco-friendly Livaeco Rayon fibr,leaf-green,"XL, 4XL, M, XS, L, S, 3XL, 2XL",women,"party, festive, occasion-wear",Myx,anarkali
MOKOSH Women's Silk Anarkali & Pant with Dupatta Set,kurta-sets,4299.0,"Silk Anarkali kurta with pant and dupatta set. Round neck with full sleeves, embroidered pattern. A-Line style, calf length. Inner fabric crepe. Fully stitched, pull on closure. Regular fit. Perfect f",rose-pink,"XL, M, XS, L, S, 2XL",women,"wedding, festive, casual, ethnic",MOKOSH,"['a-line', 'regular']"
SASSAFRAS Basics Women's Brown Bootcut Flared High-Rise Trousers,trousers,2199.0,Roma fabric bootcut flared trousers with high-rise. Full length bell bottom style with pull on closure. Seam detail at front. Machine washable.,brown,"XL, M, XXL, L, S",women,"casual, office, everyday",SASSAFRAS Basics,"['bootcut', 'bell-bottom', 'flared']"
Symbol Premium Women's Solid Sleeveless Wrap Top - Desk-to-Dinner,tops,1499.0,100% imported polyester classic wrap blouse in regular fit. Sleeveless with V-neck and adjustable side tie that cinches waist and flares at hem. Anti-static fabric for comfort. Skilfully designed for ,off-white,"XL, 4XL, M, 5XL, 6XL, XS, L, S, 3XL, 2XL",women,"office, dinner, desk-to-dinner, casual, formal",Symbol Premium,regular
Symbol Premium Women's Bow Tie Top - Solid Desk-to-Dinner,tops,2199.0,100% imported polyester classic blouse in regular fit. High round neck with tie detail neckline and band collar. Long sleeves with comfortable fit. Anti-static premium fabric for non-clinging fit. Com,powder-blue,"XL, M, XS, L, S",women,"office, dinner, desk-to-dinner, formal",Symbol Premium,regular
SASSAFRAS Basics Women's Ribbed Bodycon Midi Dress with Side Slit,dresses,1899.0,Ribbed knit bodycon dress with square neckline and sleeveless cut. Slim fit midi length with side slit for ease of movement. Fitted design enhances curves with modern minimalist aesthetic. Versatile f,green,"XL, M, XS, L, S, 2XL",women,"casual, evening, date-night",SASSAFRAS Basics,slim
Miss Chase Women's Keyhole Short Sleeve Embellished Layered Georgette Maxi Dress,Dresses,6295.0,"Miss Chase Women's Keyhole Short Sleeve Embellished Layered Maxi Dress in georgette fabric. Features round neck, zip closure, relaxed fit, and layered embellished design. Hand wash only. Perfect for c","Off White, Mauve","XL, M, XS, L, S",,,,
JUNEBERRY Women's Pure Cotton Oversized Boyfriend Fit Half Sleeve T-Shirt,t-shirts,1099.0,Pure 100% Cotton Oversized Loose Fit Drop Shoulder Round Neck Boyfriend Fit Solid Half Sleeves T-Shirt. More comfortable for your classic everyday look. Pack contains 1 T-Shirt.,white,"XL, M, L, S, 2XL",women,"anniversary, birthday, date-night, graduation, vacation, casual",JUNEBERRY,"['oversized', 'boyfriend', 'loose']"
Outlaws Women's Track Pants – Urban Streetwear Style Relaxed Fit,track-pants,999.0,"Soft cotton fabric, lightweight, breathable and skin-friendly. Relaxed fit with flattering flowy silhouette. Elastic waistband with drawstring for adjustable fit. Machine washable, retains shape and c",black,"L, S, XL, M",women,"gym, streetwear, lounging, travel, casual",Outlaws,"['relaxed', 'regular']"
CHKOKKO Women's Dry Fit Sports Half Sleeve Gym T-Shirt with Side Mesh Panels,t-shirts,1999.0,Polyester dry fit solid quick dry sports t-shirt with round crew neck and breathable side mesh panels. Moisture-wicking technology pulls sweat away from skin. Lightweight and breathable fabric for exc,black,"XL, M, L, S, 3XL, 2XL",women,"gym, running, yoga, hiking, outdoor-sports, workout, fitness",CHKOKKO,regular
Miss Chase Women's Solid Relaxed Fit V-Neck Jumpsuit with Pockets,jumpsuits,3399.0,"100% Polyester wrap style jumpsuit with relaxed fit. V-Neck with bell sleeves and 2 side pockets. Zip closure. Regular length. Hand wash in warm water, do not bleach. Ideal for party wear, casual wear",mauve,"XL, M, XS, L, S",women,"party, casual, daily, evening, bachelorette, birthday, bridal-shower, christmas, new-year",Miss Chase,relaxed
LITZO Women's Western One Piece Maxi Dress - Georgette A-Line,dresses,3999.0,"FOX Georgette maxi dress with fit and flare shape. V-Neck with long sleeves. A-Line silhouette. Ideal for casual, party, beach, formal, meeting and office wear.",yellow,"XL, M, L, S, 2XL",women,"casual, party, beach, formal, meeting, office, new-year, bachelor-party, honeymoon, birthday, valentines-day",LITZO,"['a-line', 'fit-and-flare']"
GRECIILOOKS Women's Blazer Co Ord Set - Crochet Regular Fit,co-ord-sets,2299.0,"Effortless styling co ord set with ready-to-wear look. Soft breathable crochet fabric for all-day comfort. Versatile look perfect for work, travel or casual outings. Flattering fit suits all body type",black,"XL, 4XL, M, L, S, 3XL, 2XL",women,"work, travel, casual, festive, party",GRECIILOOKS,regular
AUSK Women's Oversized Graphic Front Printed Loose Fit T-Shirt,t-shirts,1499.0,"Premium cotton blend oversized t-shirt with unique graphic print. Relaxed silhouette for ultimate comfort and laid-back aesthetic. Half sleeves with round crew neck. Soft, breathable and durable. Perf",maroon,"XL, M, L, S, 2XL",women,"casual, streetwear, lounging",AUSK,"['oversized', 'loose']"
GRECIILOOKS Women's Stylish Oversized Long Shirt - Spread Collar,shirts,1999.0,"Crepe fabric stylish oversized long shirt with spread collar and long sleeves. Regular fit, versatile for casual outings or office wear. Pack of 2. Designed for comfort and confidence all day.",green,"XL, M, L, S, 2XL",women,"casual, office, everyday",GRECIILOOKS,"['regular', 'oversized']"
Rytras Women's Cotton Floral Regular Fit Tunic Shirt,tops,1999.0,"Cotton tunic shirt with floral print. Mandarin collar with 3/4 sleeves. Regular fit, machine washable. Comfortable everyday wear.",yellow,"XL, M, XS, L, S, 2XL",women,"casual, everyday",Rytras,regular
London Hills Women's Solid Ribbed Long Sleeve Slim Fit T-Shirt,t-shirts,1299.0,Stretchable round neck top for casual wear. Classic ribbed bodysuit with crew neckline and form-fitting silhouette. Stretchy ribbed polyester fabric provides comfortable figure-hugging fit while maint,white,"XL, S, L, M",women,"casual, dressy, everyday",London Hills,slim
Symbol Premium Women's Fit & Flare Wrap Dress (Midi Length | Stylish | Desk-to-Dinner) (Available in Plus Sizes),Women's Dresses,3599.0,"Symbol Premium Women's Fit & Flare Wrap Dress. Material: 100% imported Polyester with premium anti-static fabric for smooth, non-clinging drape and luxurious comfort. Style: Fit And Flare. Sleeve: Puf",Magenta Pink,"XL, M, XS, L, S",,"work, professional, evening, black-tie, desk-to-dinner, formal, party",,
"Tokyo Talkies Women's Letter Print Fitted Crop Top – Graphic Printed Round Neck Contrast Rib, Short Sleeve",Women's T-Shirts,749.0,"Tokyo Talkies Women's Letter Print Fitted Crop Top. Material: 96% Polyester, 4% Spandex – durable, wrinkle resistant, smooth finish with slight stretch for comfort and flexibility. Fit: Fitted. Sleeve",White/Black,"L, S, M, XS",,"casual, streetwear, brunch, weekend, hangouts, outings, daily wear",,
"Tokyo Talkies Women's Maxi Length Strappy Design High Slit Flowy Silhouette Glamorous Dress – Bold Thigh-High Slit, V-Neck, Sleeveless",Women's Dresses,1399.0,"Tokyo Talkies Women's Glamorous Dress. Material: 100% Polyester, lightweight, easy to care, excellent durability and wrinkle resistance. Fit: Flowy Silhouette. Sleeve: Sleeveless, sleek and breathable",Blue,"XL, M, XS, L, S",,"casual, day events, lunch, outings, summer, beach, date night, party, vacation",,
DEELMO Men's Stylish Cotton Blend Casual Shirt – Full Sleeve Button-Down with Dual Flap Pockets,Men's Shirts,2599.0,"DEELMO Men's Stylish Cotton Blend Casual Shirt. Material: Cotton Blend, premium soft touch, all-day comfort, durable. Fit: Regular Fit. Sleeve: Long Sleeve / Full Sleeve with button cuffs, roll up eas",Yellow,"XL, 4XL, M, L, S, 3XL, 2XL",,"casual, office, meetings, weekend, hangouts, outings, daily wear",,
Peter England Mens Slim Fit Mid Rise Super Premium Wrinkle Free Casual Trouser Chinos,Mens Bottomwear,1999.0,"Peter England Super Premium Wrinkle Free Casual Chino Trouser for Men. Super Slim Fit, Wrinkle Free. Material: 98% Cotton, 2% Spandex. Length: Ankle Length. Style: Chino. Closure: Button. Fit: Slim. C","khaki, dark_grey, navy, light_khaki, blue, black, dark_olive, olive, beige","38, 30, 36, 32, 42, 40, 34, 28",,"casual, office, weekend, smart casual, daily wear, travel",,
McHenry Mens Solid Formal Regular Fit Stretchable Wrinkle Free PolyViscose Trousers,Mens Bottomwear,2499.0,"McHenry Mens Regular Fit Stretchable Formal Trouser. Wrinkle free, requires no maintenance. Pant length 42 inches. Closure: Button with Zipper fly. 2 cross pockets at front and 2 welt pockets at back.","grey, dark_grey, jet_black, ivory, brown, light_beige, blue, ash_grey, beige","38, 36, 32, 42, 40, 34",,"formal, office, business, work, meetings",,
Highlander Men's High-Rise Straight-Fit Cargo Trousers,Cargo Trousers,2999.0,Highlander Men's High-Rise Straight-Fit Cargo Trousers with multiple pockets and a comfortable straight-fit silhouette. Features a high-rise waistband for a modern look.,"MERMAID, GUN METAL, NEW BEIGE, THYME, WEATHER VANE, DESERT PALM, DAVID SAGE, JET BLACK, PEBBLE, BUTTER NUT, STEEL GREY, WHITE, BRISTOL GREY, BLACK, KHAKI, KEY LARGO","L, S, XL, M",,,,
Ben Martin Men's Relaxed Fit Jeans,Jeans,2499.0,Ben Martin Men's Relaxed Fit Jeans in full length style with button closure. Made from cotton for all-day comfort. Perfect for casual occasions with a classic relaxed silhouette.,"Light Blue, Black, Dark Blue, Dark Blue with Brown Tint, Blue, Grey 002, DARK BLUE, Brown, Grey, Green, GREEN, BROWN, White","38, 30, 36, 32, 40, 34, 28",,,,
TOPLOT Women's Oversized Puff Sleeve Western Shirt Top,tops,1999.0,"Soft breathable cotton blend fabric for all-day comfort. Elegant floral and artistic prints. Long puffed sleeves with elasticated cuffs. Cowl neck with button down collar. Ideal for office wear, outin",brown,"XL, M, XS, L, S, 2XL",women,"office, outings, brunch, casual",TOPLOT,"['regular', 'oversized']"
"Women's Elegant Printed Dresses – Casual, Long & Short Sleeve Options, Floral & Solid Designs, Midi & Mini Lengths",Women's Dresses,2299.0,GRECIILOOKS Women's Elegant Printed Dress. Material: Rayon. Style: A-Line. Sleeve: Short Sleeve. Neck: Square Neck. Length: Knee-Length. Fit: Slim Fit. Closure: Pull On. Country of Origin: India. Scor,Light Green,"L, S, XL, M",,"casual, work, party, wedding, vacation, cocktail, beach, formal, evening, banquet, street wear",,
Shasmi Women's Polyester Regular Fit Long Sleeve Asymmetrical Neck Solid Color Ruched Front Asymmetrical Hem Tee Workwear Fancy Top T-Shirt,Women's T-Shirts,1799.0,"Shasmi Women's & Girl's T-Shirt. Material: 95% Polyester, 5% Elastane. Pattern: Ribbed. Fit: Regular Fit / Slim Fit with Slight Stretch. Sleeve: Long Sleeve, Raglan Sleeve. Neck: Asymmetrical Neck, Co",White,"L, S, XL, M",,"casual, office, party, beach, summer, vacation, picnic, hangouts, workwear, birthday",,
ANNI Designer Women's Rayon Viscose Straight Solid Kurta with Palazzo Set | Sleeveless Ethnic Wear | Comfortable Two Piece Outfit,Women's Ethnic Wear,2599.0,"ANNI DESIGNER Women's Rayon Viscose Straight Solid Kurta with Palazzo Set. Material: Rayon Viscose, soft and breathable. Fit: Straight. Sleeve: Sleeveless. Neck: Round V-Neck. Length: Calf Length. Pat",Brown,"XL, 4XL, M, 5XL, L, S, 3XL, 2XL",,"office, casual, daily, festive, family gathering, meetings, ethnic occasions",,
Symbol Men's Cotton Blend High Neck Zipper Sweatshirt (Available in Plus Sizes),Men's Winterwear,1999.0,"Symbol Men's Cotton Blend High Neck Zipper Sweatshirt. Material: 60% Cotton, 40% Polyester. Fit: Regular / Relaxed Fit. Sleeve: Long Sleeve. Neck: High Neck. Closure: Zipper. Length: Standard Length. ",Amber Gold,"XL, 4XL, M, L, S, 3XL, 2XL",,"casual, daily wear, outdoor, travel, sports, layering, winter",,
"Allen Solly Men's Polo T-Shirt – Comfortable Rich Cotton Blend, Band Collar, Regular Fit, Stylish & Premium All Day Wear",Men's T-Shirts,1099.0,"Allen Solly Men's Polo T-Shirt. Material: 60% Cotton, 40% Polyester. Fit: Regular Fit. Sleeve: Half Sleeve. Collar: Band Collar. Length: Standard Length. Pattern: Solid. Premium quality polo with comf",Jet Black,"XL, M, L, S, 2XL",,"casual, office, daily wear, outings, weekend, smart casual, all day wear",,
"Lymio Mens Cotton Cargo Pants - Jogger Style, Drawstring Waist, Loose Fit (Available in Plus Sizes 117-120)",Mens Bottomwear,4999.0,Lymio Cargo Pants for Men. Material: Cotton. Fit: Loose. Length: Long. Style: Cargo / Jogger Style. Closure: Drawstring Waist. Color: Grey. Also available in Plus Sizes. Care: Machine Wash. Country of,grey,"XL, 4XL, M, L, S, 3XL, 2XL",,"casual, daily wear, outdoor, travel, weekend, streetwear, adventure",,
NOBERO Men's Cotton Regular Fit Typography T-Shirt,T-Shirts,1499.0,"NOBERO Men's Regular Fit Typography Printed T-Shirt made from 100% combed cotton. Features crew neck, short sleeves, and standard length. Lightweight and breathable for all-day comfort and casual wear","Marine, Grey Melange, Olive Green, Black-Stay wild, Beige","XL, M, L, S, 3XL, 2XL",,,,
NOBERO Men Cotton Graphic Printed Regular Fit T-Shirt,T-Shirts,1499.0,"NOBERO Men's Regular Fit Graphic Printed T-Shirt made from 100% combed cotton. Features crew neck, short sleeves, and standard length. Lightweight and breathable for casual everyday wear.","Sand_2, Black, Sand, Olive Green_1, Olive Green, Wine Red, Blush, Wine Red_1, Sand_1, Aloe Green, Mustard Yellow","XL, M, L, S, 3XL, 2XL",,,,
VERO MODA Solid Polyester V Neck Women's Midi Dress,Women Dresses,1720.0,"Women's solid polyester V neck midi dress with empire waist style. Made from 100% polyester. 3/4 sleeves, below the knee length with belt/zipper closure. Solid pattern. Casual occasion wear.",Misty Rose,"S, XS",,,,
Aahwan Women's Polyester Modern Fit Solid Front Button Long Sleeve Casual Shirt,shirts,1999.0,"Polyester solid casual shirt with collared neck and long sleeves. Drop shoulder design with button closure. Elegant and versatile, regular length. Modern fit.",black,"L, S, M, XS",women,"casual, office, everyday",Aahwan,modern
Janasya Women's Light Green Cotton Floral Printed Flared Kurta,kurtas,2659.0,100% Cotton Anarkali style kurta with floral lotus prints in pink on light green base. V-neckline adorned with pink cotton lace work and gathers at bust for comfy loose fit. 3/4th sleeves with lace wo,light-green,"XL, M, XS, L, S, 3XL, 2XL",women,"casual, everyday, summer",Janasya,flared
SASSAFRAS Basics Women's Beige Full Sleeves Rib Shrug,shrugs,1899.0,"Cotton ribbed shrug with front open pattern. Round neck, full sleeves, regular fit. Above knee length. Machine washable. Perfect layering piece for casual and everyday wear.",beige,"L, S, XL, M",women,"casual, everyday, layering",SASSAFRAS Basics,regular
SASSAFRAS Women's Ribbed Full Sleeves Multi Stripe High Neck T-Shirt,tops,999.0,"Cotton rib fabric, 96% Cotton 4% Lycra. Full sleeves with high neck, collarless design. Regular fit, standard length. Contrast thread detail. Casual ribbed top.",,,women,"casual, everyday",SASSAFRAS,regular
"Autumn Leaves Print Polo Collar Shirt, Casual Long Sleeve",Women's Tops,4999.0,"Women Shirt || Women Top || Autumn Leaves Print Polo Collar Shirt, Casual Long Sleeve. Material: Georgette, Printed pattern, Regular Fit, Balloon Sleeve, Collared Neck.","Multicolour, Grey","XL, L, 2XL, M",,,,
Ribbed Lycra Pencil Skirt with Side Slit,Women's Bottomwear,1340.0,"Ribbed Lycra Pencil Skirt with Side Slit for Women. Crafted from premium Cotton Lycra Blend, Mid Rise, Elastic closure, Knee-Length. Perfect for Evening, Athletic, Casual, Ceremony, Business occasions",Canary Yellow,"XL, M, XS, L, S, 2XL",,,,
Women Jeans Top,Women's Tops,2299.0,"ONLY Women Jeans Top. 100% Cotton, Regular Fit, Half Sleeve, Flat Collar, Off Shoulder Neck, Knee Length. Machine wash. Body Blouse style.",Medium Blue Denim,M,,,,
Women's One Shoulder Bodycon Dress – Elegant Solid Textured Asymmetric Slim Fit High Waist Pencil Mini Dress,Women's Dresses,1799.0,"One Shoulder Bodycon Dress with chic asymmetrical neckline and modern textured fabric. 95% Polyester, 5% Elastane. Slim fit, high waist, pencil hem, cold shoulder sleeve. Perfect for parties, cocktail",Pista Green,"XL, M, L, S, 2XL",,"party, cocktail, evening, date night, beach holiday, festive",,
Tokyo Talkies Women's Sleeveless High Neck Self Design Dresses | Stylish Dresses | Casual Dresses,Women's Dresses,1849.0,"Tokyo Talkies Women's Sleeveless High Neck Self Design Dress. Material: 100% Polyester, lightweight, easy to care, excellent durability and wrinkle resistance. Fit: Self Design. Sleeve: Sleeveless, sl",Pink,"XL, M, XS, L, S",,"casual, day events, lunch, outings, brunch, summer, everyday",,
GAP Women's Half Sleeve Graphic Loose Fit Cropped T-Shirt,Women's T-Shirts,1217.0,"GAP Women's Cropped T-Shirt. Material: 175 GSM Single Jersey, 100% Cotton. Fit: Loose Fit. Sleeve: Half Sleeve. Neck: Crew Neck, Collarless. Length: Short / Cropped. Pattern: Graphic. Color: Blue. Tre",Blue,"L, S, XL, M",,"casual, daily wear, outings, streetwear, weekend, hangouts",,
Bewakoof Official Disney Merchandise Hakuna Matata Women's 100% Cotton Graphic Print Oversized Fit Round Neck T-Shirt,Women's T-Shirts,1499.0,"Bewakoof Official Disney Merchandise – Hakuna Matata Women's T-Shirt. Material: 100% Cotton, soft, breathable, durable. Fit: Oversized Fit. Sleeve: Short Sleeve / Half Sleeve. Neck: Crew Neck, Collarl",Baby Lavender,"XL, M, XS, L, S, 2XL",,"casual, daily wear, lounging, travel, gym, streetwear, weekend, hangouts",,
SASSAFRAS Women's Sequin Mesh Wrap Dress,dresses,3499.0,"Sequin mesh fabric, 96% Polyester 4% Lycra. Wrap dress style with wrap neck and regular sleeves. Above the knee length with tie closure. Perfect for party wear.",black,"XL, S, M, XS",women,"party, evening, cocktail, night-out",SASSAFRAS,wrap
SASSAFRAS Women's Deep V-Neck Flared Leg Denim Jumpsuit,jumpsuits,2299.0,Denim jumpsuit with deep V-neck detail at front. Flared leg streetwear style with medium waist and comfort fit. Machine washable. Perfect for casual streetwear.,blue,"L, XS, M",women,"casual, streetwear, everyday",SASSAFRAS,comfort
Text Printed Round Neck Crop Top for Women,Women's Tops,1999.0,"Text Printed Round Neck Crop Top for Women. Cotton, Regular Fit, Half Sleeve, Round Neck, Short/Cropped Length. Soft and breathable, suitable for casual wear, gym sessions, or layered looks.",Green,"L, S, M, XS",,,,
"GRECIILOOKS Women's Puff Sleeve V-Neck A-Line Midi Dress – Lycra, Smocked Waist, Tiered Ruffle Hem",Women's Dresses,2299.0,"GRECIILOOKS Women's A-Line Midi Dress. Material: Soft, skin-friendly Lycra fabric, comfortable, breathable. Style: A-Line with Puff Long Balloon Sleeve, Sexy V-Neck, Tiered Ruffle Hem, Smocked Waist, ",White,"L, XL, 2XL, M",,"casual, work, party, wedding guest, beach, vacation, dating, honeymoon, birthday, semi-formal, maternity, daily wear",,
"SASSAFRAS Women's Dark Brown Rib High Neck Front Zipper Dress – Bodycon, Midi Length, Full Sleeves",Women's Dresses,2099.0,"SASSAFRAS Women's Dark Brown Rib High Neck Front Zipper Dress. Material: Cotton Blend, high-quality ribbed fabric with stretch, breathability and structure. Fit: Slim Fit / Bodycon. Sleeve: Full Sleev",Dark Brown,"XL, S, L, M",,"casual, evening, date night, office, day out, polished looks",,
"Tokyo Talkies Women's Solid Bishop Sleeve Pleated Top – Long Sleeve, Mandarin Collar, Casual",Women's Tops,1499.0,"Tokyo Talkies Women's Top. Material: 68% Viscose, 32% Nylon – soft, lightweight, drapes beautifully for a flattering fit. Fit: Regular Fit. Style: Classic. Sleeve: Long Sleeve / Bishop Sleeve, full-le",Blue,"XL, M, XS, L, S",,"casual, office, daily wear, coffee outings, casual fridays, layering",,
Dixcy Scott Originals Men's 100% Combed Cotton Ribbed Body-Grip Fabric Vest (Pack of 2),Men's Innerwear,329.0,"Dixcy Scott Originals Men's Vest. Material: 100% Combed Cotton, quality combed cotton for comfort and durability. Fit: Regular Fit, body hugging fit that compliments physique. Sleeve: Sleeveless. Coll",Black,"XL, S, L, M",,"everyday wear, innerwear, casual, gym, lounging, layering",,
"U TURN Men's Casual Printed Striped Stylish Formal Shirt – Full Sleeve, Spread Collar, Slim Fit",Men's Shirts,1599.0,"U TURN Men's Casual Printed Striped Shirt. Material: Cotton Mix, premium soft finish and rich look. Fit: Slim Fit. Sleeve: Cuff Sleeve / Full Sleeves. Collar: Spread Collar. Length: Standard Length. P",Pink,"XL, M, L, S, 2XL",,"casual, formal, office, smart casual, outings, weekend, parties",,
"U TURN Men's Casual Solid Stylish Formal Striped Shirt – Full Sleeve, Classic Collar, Slim Fit",Men's Shirts,1399.0,U TURN Men's Casual Solid Stylish Formal Striped Shirt. Material: Cotton Mix. Fit: Slim Fit. Sleeve: Long Sleeve / Full Sleeves. Collar: Classic Collar. Length: Standard Length. Pattern: Striped. Colo,Brown Stripe,"XL, 4XL, M, L, S, 3XL, 2XL",,"casual, formal, office, smart casual, outings, weekend",,
Louis Philippe Men's Regular Fit Easy to Iron Everyday Wear Premium Cotton Full Sleeve Solid Formal Shirt,Men's Shirts,2499.0,"Louis Philippe Men's Formal Shirt. Material: 100% Cotton, 40's count premium plain fabric for superior softness, breathability, and durability. Fit: Classic Fit. Sleeve: Long Sleeve / Full Sleeve. Col",Charcoal,"39, 44, 42, 40",,"formal, office, business, meetings, professional, interviews, corporate",,
"U.S. Polo Assn. Men's Dobby Tailored Fit Shirt – 100% Cotton, Spread Collar, Self Design",Men's Shirts,2499.0,U.S. Polo Association Men's Dobby Tailored Fit Shirt. Material: 100% Cotton. Fit: Tailored Fit. Sleeve: Cuff Sleeve. Collar: Spread Collar. Neck: Collared Neck. Length: Standard Length. Pattern: Self-,Navy,"39, 46, 44, 48, 42, 40",,"formal, office, business, meetings, professional, corporate, smart casual",,
"Rare Rabbit Regular Fit Checked Shirt – Cotton, Spread Collar, Cuff Sleeve, Western",Men's Shirts,4399.0,"Rare Rabbit Regular Fit Checked Shirt. Material: Cotton, statement cotton fabric creating depth, texture, and modern appeal. Fit: Regular Fit, tailored for confident runway-inspired silhouette. Sleeve",Olive,"XL, M, XS, L, S, 2XL",,"casual, smart casual, weekend, outings, brunch, office casual",,
"Rare Rabbit Regular Fit Embroidered Shirt – Cotton Blend, Cuban Collar, Cuff Sleeve, Western",Men's Shirts,5799.0,"Rare Rabbit Regular Fit Embroidered Shirt. Material: Cotton Blend, sophisticated fabric for sharp and fashion-led silhouette. Fit: Regular Fit, tailored for confident runway-inspired silhouette. Sleev",Rust,"XL, M, L, S, 3XL, 2XL",,"casual, smart casual, weekend, brunch, outings, evening, party",,
"Men's Striped Long Sleeve Casual Shirt – Black and Grey Vertical Stripes, Jute Cotton Fabric, Collared Button Down",Men's Shirts,1999.0,"AMPLE GRACE Men's Striped Long Sleeve Casual Shirt. Material: Jute Cotton Blend (Popcorn fabric), high-quality offering excellent breathability and comfort for all-day wear. Fit: Regular Fit. Sleeve: ",Black,"XL, M, L, S, 2XL",,"casual, semi-formal, office, weekend, outings, everyday",,
"Majestic Man Men's Classic Slim Fit Pure Cotton Casual Shirt – Solid, Full Sleeve, Spread Collar",Men's Shirts,1499.0,"Majestic Man Men's Classic Slim Fit Pure Cotton Casual Shirt. Material: Premium Pure Cotton, pre-washed for extremely soft finish and no shrinkage post washing. Fit: Slim Fit. Sleeve: Long Sleeve / Fu",Beige,"XL, 4XL, M, L, S, 3XL, 2XL",,"casual, work casual, outings, brunch, barbecue, daytime events, weekend, smart casual",,
"Peter England Men's Cotton Regular Fit Shirt – Textured, Full Sleeve, Button Down Collar",Men's Shirts,1199.0,"Peter England Men's Cotton Regular Fit Shirt. Material: 60% Cotton, 40% Polyester. Fit: Regular Fit. Sleeve: Long Sleeve / Full Sleeve. Collar: Button Down. Length: Standard Length. Pattern: Textured ",Purple,"38, 44, 42, 40",,"formal, office, business, meetings, professional, smart casual",,
"MARK & ALBERT Men's Striped Slim Fit Cotton Casual Shirt – Full Sleeves, Stylish Shirt",Men's Shirts,3999.0,"MARK & ALBERT Men's Striped Slim Fit Cotton Casual Shirt. Material: 100% Cotton, luxurious fabric with supreme stitch offering all-day comfort and style. Fit: Slim Fit. Sleeve: Long Sleeve / Full Slee",Olive Green,"38, 44, 42, 40",,"casual, party, office, evening, daily wear, outings, weekend",,
"Pinkmint Men's Solid Shirt – Soft Cotton Blend, Casual, Plain, Full Sleeve, Regular Fit (Available in Plus Size)",Men's Shirts,1999.0,"Pinkmint Men's Solid Shirt. Material: Cotton Blend, soft and comfortable. Fit: Regular Fit. Sleeve: Long Sleeve / Full Sleeve. Collar: Button Down / Spread Collar. Neck: V-Neck. Length: Standard Lengt",Olive Green,"XL, M, L, S, 2XL",,"casual, business, dates, formal, shopping, party, outdoor, daily wear",,
"Peter England Men's Classic Slim Fit Full Sleeve Oxford Shirt – 100% Cotton, Spread Collar, Solid",Men's Shirts,1699.0,"Peter England Men's Classic Slim Fit Full Sleeve Oxford Shirt. Material: 100% Cotton, classic Oxford fabric. Fit: Slim Fit. Sleeve: Long Sleeve / Full Sleeve. Collar: Spread Collar. Length: Standard L",Green,"39, 38, 46, 44, 36, 42, 40",,"formal, office, business, smart casual, meetings, professional",,
Levi's Men's 511 Slim Fit Mid Rise Blue Jeans,Men's Bottomwear,3199.0,Levi's Men's 511 Slim Fit Jeans. Material: Cotton. Fit: Slim Fit (511). Rise: Mid Rise. Length: Standard Length. Style: Boyfriend. Closure: Button. Color: Navy. Care: Machine Wash. Country of Origin: ,Navy,"32, 38, 30, 28",,"casual, daily wear, weekend, outings, hangouts, streetwear",,
"Levi's Men's Straight Fit Classic Jeans – Mid Indigo, Cotton, Button Closure",Men's Bottomwear,3099.0,Levi's Men's Jeans. Material: Cotton. Fit: Straight Fit. Length: Standard Length. Style: Classic. Closure: Button. Color: Mid Indigo. Care: Machine Wash. Country of Origin: India.,Mid Indigo,"38, 30, 36, 32, 34, 28",,"casual, daily wear, weekend, outings, hangouts, streetwear",,
Levi's Men's 512 Slim Tapered Fit Mid Rise Black Jeans,Men's Bottomwear,3199.0,Levi's Men's 512 Slim Tapered Fit Jeans. Material: Cotton. Fit: Slim Tapered (512). Rise: Mid Rise. Length: Standard Length. Style: Boyfriend. Closure: Button. Color: Black. Care: Machine Wash. Countr,Black,"28, 30",,"casual, daily wear, weekend, outings, hangouts, streetwear",,
"Urbano Fashion Men's Regular Fit Washed Full Sleeve Denim Jacket – Light Blue, Cotton Elastane",Men's Outerwear,2399.0,"Urbano Fashion Men's Regular Fit Washed Full Sleeve Denim Jacket. Material: 98% Cotton, 2% Elastane, 100% Mercerised Denim Cotton Fabric. Fit: Regular Fit. Sleeve: Long Sleeve with buttoned cuff. Neck",Light Blue,"XL, S, L, M",,"casual, winter, evening, holiday, outings, weekend, layering",,
"VOXATI Men's Slim Fit Denim Cotton Blend Jacket – Solid, Collared Neck, Short Length",Men's Outerwear,2599.0,VOXATI Men's Jacket. Material: Denim Cotton Blend. Fit: Slim / Comfort Fit. Neck: Collared Neck. Length: Short Length. Pattern: Solid. Style: Jacket. Color: Olive. Perfect for casual and party wear. C,Olive,"XL, 4XL, M, L, S, 3XL, 2XL",,"casual, party, weekend, outings, evening, layering",,
"Lymio Men's Cotton Cargo Pants – Drawstring Waist, Loose Fit, Long Length (Available in Plus Sizes)",Men's Bottomwear,4999.0,Lymio Cargo Pants for Men. Material: Cotton. Fit: Loose Fit. Length: Long Length. Style: Cargo. Closure: Drawstring Waist. Color: Grey. Also available in Plus Sizes (46-49). Care: Machine Wash. Countr,Grey,"XL, 4XL, M, L, S, 3XL, 2XL",,"casual, daily wear, outdoor, travel, weekend, streetwear, adventure",,
"Lymio Men's Cotton Cargo Pants – Jogger Style, Drawstring Waist, Loose Fit (Available in Plus Sizes 117-120)",Men's Bottomwear,4999.0,Lymio Cargo Pants for Men. Material: Cotton. Fit: Loose. Length: Long. Style: Cargo / Jogger Style. Closure: Drawstring Waist. Color: Grey. Also available in Plus Sizes. Care: Machine Wash. Country of,Grey,"XL, 4XL, M, L, S, 2XL",,"casual, daily wear, outdoor, travel, weekend, streetwear, adventure",,
SAVAYO Mens Wide Leg Flared Track Pants - Korean Style Loose Fit Baggy Trousers Multicolor Lycra Relaxed Fit Joggers,Mens Bottomwear,1999.0,"SAVAYO Wide Leg Flared Track Pants for Men. Korean-inspired flared track pants with modern baggy fit and stylish bootcut opening. Material: Lycra Blend, Polyester, Cotton. Fit: Relaxed. Length: Standa","black, cream, brown","XL, M, L, S, 2XL",,"casual, loungewear, airport, gym, streetwear, daily wear, weekend",,
MARK & ALBERT Men's Printed Regular Fit Full Sleeves Premium Giza Cotton Formal Shirt – Luxury Digital Print,Men's Shirts,3999.0,MARK & ALBERT Men's Printed Regular Fit Full Sleeves Cotton Formal Shirt. Material: 100% Premium Giza Cotton. Fit: Slim Fit. Sleeve: Long Sleeve / Full Sleeve. Collar: Cutaway. Length: Regular. Patter,Blue 94,"38, 44, 42, 40",,"party, casual, formal, evening, date night, celebrations, events",,
"Rare Rabbit Regular Fit Plain Shirt – Cotton, Spread Collar, Cuff Sleeve, Solid",Men's Shirts,3799.0,"Rare Rabbit Regular Fit Plain Shirt. Material: Cotton, statement cotton creating depth, texture, and modern appeal. Fit: Regular Fit, tailored for confident runway-inspired silhouette. Sleeve: Cuff Sl",Brown,"XL, M, XS, L, S, 3XL, 2XL",,"casual, smart casual, office casual, weekend, brunch, outings, evening",,
The Souled Store Men's Black Panther: Wakanda Forever Printed Denim Jacket – Marvel Official Merch,Men's Outerwear,3299.0,"The Souled Store Men's Black Panther: Wakanda Forever Printed Denim Jacket. Material: 98% Cotton, 2% Spandex (100% Cotton body). Fit: Regular Fit. Sleeve: Long Sleeve. Collar: Band Collar. Length: Sta",Black,"XL, XS, L, S, 2XL",,"casual, streetwear, fan events, party, outings, weekend, comic con",,
"Lymio Men's Cotton Cargo Pants – Drawstring Waist, Full Length, Plain (Available in Plus Sizes 34-37)",Men's Bottomwear,4599.0,Lymio Cargo Pants for Men. Material: Cotton. Fit: Loose. Length: Full Length. Style: Cargo. Closure: Drawstring Waist. Pattern: Plain. Color: Green. Also available in Plus Sizes (34-37). Care: Machine,Green,"XL, 4XL, M, L, S, 3XL, 2XL",,"casual, daily wear, outdoor, travel, weekend, streetwear, adventure",,
Highlander Men's Cargo Jogger Trousers,Jogger Trousers,1999.0,"Highlander Men's Cargo Jogger Trousers with utility pockets and elasticated waist. Made from Poly Viscose blend for all-day comfort. Slim fit, ankle length jogger style perfect for casual and daily we","NAVY, LIGHT GREY, MID GREY, OLIVE, SAGE, BLUE, BEIGE, WHITE, LIGHT KHAKI, KHAKI, BLACK, LIGHT BEIGE, DARK GREY, BROWN, LIGHT OLIVE","XL, S, L, M",,,,
Veirdo Oversized Baggy Fit Drop Shoulder Half Sleeve Round Neck Solid Cotton T-Shirt for Men,T-Shirts,1099.0,"Veirdo Men's Oversized Baggy Fit Drop Shoulder T-Shirt with Half Sleeves and Round Neck. Made from pure 100% cotton for breathable comfort. Solid pattern, standard length, perfect for casual everyday ","Soap Nut, Red, Lilac, Black, Dutch Canal, Maroon, Green117, Swan White, Pink_66, Fog Green, Cork, Navy, White","XL, M, L, S, 2XL",,,,
Bewakoof X Streetwear Men's Oversized T-Shirt,T-Shirts,1349.0,"Bewakoof X Streetwear Men's Oversized Full Sleeve T-Shirt made from 100% single jersey cotton. Features round neck, solid pattern, and oversized fit for a relaxed streetwear look. Machine washable.","Red, Black, Blue, Green, Pink","XL, M, L, S, 3XL, 2XL",,,,
Urbano Fashion Men's Relaxed Fit Mandarin Collar Full Sleeve Linen Shirt,Shirts,2199.0,"Urbano Fashion Men's Relaxed Fit Mandarin Collar Full Sleeve Shirt crafted from premium linen blend fabric. Lightweight, breathable, and moisture-wicking. Features buttoned cuffs and solid pattern. Pe","Light Teal, Black, Sky Blue, Tender Yellow, Dusty Pink, Grey, Coffee, Beige, Navy, White","XL, S, L, M",,,,
VERO MODA Midi Shirt Dress for Women,Dresses,6499.0,"VERO MODA Women's Midi Shirt Dress in 100% cotton with fit and flare silhouette. Features spread collar, long sleeves, self design pattern, and includes a belt. Perfect for casual occasions.","Pink Yarrow, Black",XS,,,,
VERO MODA Above The Knee Sheath Dress for Women,Dresses,5999.0,"VERO MODA Women's Above The Knee Sheath Dress in 100% polyester with embroidered pattern. Features boat neck, long sleeves, and sheath fit. Machine washable. Perfect for casual occasions.",Jet Black,S,,,,
VERO Moda Calf Length A-Line Dress for Women,Women Dresses,1720.0,"Women's calf length A-line dress. Made from 100% recycled polyester. A-line fit with round neck, full sleeves, and calf length. Solid pattern with button closure. Casual occasion wear.",Brown,"S, XS",,,,
Amazon Brand Symbol Mens Stretchable Formal Pants Trousers Slim Fit,Mens Bottomwear,2499.0,"Amazon Brand Symbol Stretchable Formal Pants for Men. Fine poly-viscose stretch blend for comfort and ease of movement. Open length trousers with front slant pockets, back welt pockets, and zip fly wi",black2,"38, 30, 36, 32, 40, 34, 28",,"formal, office, wedding, business, special occasions",,
Peter England Mens Slim Fit Formal Stretchable Knit Super Trouser Comfort Lycra 360-Degree Stretch,Mens Bottomwear,1999.0,"Peter England Slim Fit Mid Rise Formal Stretchable Knit Super Trouser. Comfort Knit Trouser with 360 degree stretch in Super Slim Fit. Material: 67% Polyester, 28% Rayon, 5% Spandex. Specialised MVS Y","grey, jet_black","38, 30, 36, 32, 40, 34, 28",,"formal, office, business, work, travel",,
Highlander Mens Straight Fit Jeans Stretchable Everyday Comfort and Style,Mens Bottomwear,2999.0,"Highlander Mens Straight Fit Stretchable Jeans. Crafted from Cotton Lycra fabric - smooth, durable, breathable, lightweight and moisture-absorbent. Flat-front design ensures a streamlined silhouette. ","navy_fade, dark_blue, blue, charcoal, black, indigo_blue, light_blue, faint_blue","XL, M, L, S, 2XL",,"casual, daily wear, semi-casual, outings, weekend, smart casual",,
Symbol Men's Cotton Rich Formal Shirt Plain Full Sleeve Regular Fit,Shirts,1699.0,"Symbol Men's Regular Fit Formal Shirt made from 75% cotton and 25% polyester blend with subtle fil-a-fil texture. Features classic collar, full sleeves with buttoned cuffs, and single chest pocket. Ge","Red, Dk. Green / Majenta, Purple, Maroon, Navy&Mid Grey, Aqua, D.Green, Blue, L.Blue, Navy/Maroon, Lt. Blue / Lilac, Grey, Turquoise, Magenta, Turq / Royal, Navy, Royal","39, 38, 46, 44, 48, 42, 40, 50",,,,
Miss Chase Women's Black Embellished Fit & Flare Maxi Dress,Women Dresses,1885.0,"Women's embellished fit and flare maxi dress. Made from 96% polyester, 4% elastane. Slim fit bodycon style with V-neck, 3/4 sleeves, and midi length. Asymmetric/blazer/ruffled design with solid patter","Dusty Pink & Golden, Black, Magenta","XL, M, XS, L, S, 2XL",,,,
Miss Chase Women's Multicolored-Base-Brown Relaxed Fit Maxi Lurex Chiffon Dress,Women Dresses,855.0,"Women's relaxed fit maxi lurex chiffon dress with pleated style. Made from 100% polyester georgette fabric. V-neck, short sleeves, midi length with zip closure. Floral pattern. Suitable for casual wea","Multicolored Base Orange, Multicolored Base Powder Blue, Multicolored Base Pink, Multicolored Base Black, Multicolored-Base-Brown, Multicolored Base Yellow, Multicolored Base Maroon, Multicolored Base Desert Pink, Multicolored-Base-Dark Pink, Yellow & White, Multicolored Base Midnight Black, And Lavender, Multicolored Base Purple, Multicolored Base Sky Blue, Multicolored Base Lime Yellow, Multicolored Base Dark Purple, Multicolored Base Jet Black, Multicolored Base Wine, Multicolor Base Matte Purple, Multicolour, Multicolored Base Navy Blue, Green","XL, 4XL, M, 2XS, XS, L, S, 3XL, 2XL",,,,
Miss Chase Women's Solid Relaxed Fit Short Sleeve V-Neck Jumpsuit with Pockets,Women Jumpsuits,1224.0,"Women's solid relaxed fit jumpsuit with V-neck and short sleeves. Made from 100% polyester. Angrakha style with zipper closure, ankle length, and pockets. Plain pattern. Suitable for casual wear, part","Pink, Royal Blue, Mauve","XL, M, XS, L, S",,,,
VERO Moda Maxi Fit and Flare Dress for Women,Women Dresses,1800.0,"Women's maxi fit and flare dress. Made from 100% viscose rayon fabric. Fit and flared style with V-neck, full sleeves, and maxi length. Solid pattern. Casual occasion wear. Machine washable.",Duffel Bag,"M, XS",,,,
VERO Moda Above The Knee Shift Dress for Women,Women Dresses,1800.0,"Women's above the knee shift dress with classic elegance. Made from 100% polyester. Shift fit with round neck, short sleeves, and above the knee length. Checked pattern with waist button embellishment",Birch,L,,,,
KE Kanha Exports Women's Western Long Jumpsuit - Sleeveless V-Neck Free Size Flared Tassel Print,Women Jumpsuits,1499.0,"Women's western long jumpsuit with sleeveless V-neck design. Made from rayon fabric. Relaxed fit, free size with flared design and adjustable drawstring closure. Chic tassel print with unique border. ","Rose Pink_1403_02, Flat_Blue_1403_06, Blizzard Blue 1403_03, Brigth Maroon_1403_01, Hippie Blue 1403_04",Free Size,,,,
VERO Moda Midi Fit and Flare Dress for Women,Women Dresses,1799.0,"Women's midi fit and flare dress. Made from 50% polyester, 50% metallic fibers. Fit and flare style with V-neck, long sleeves, and midi length. Embellished pattern. Includes belt. Casual occasion wear",Winetasting,"XL, S, M, XS",,,,
VERO MODA Maxi Fit and Flare Dress for Women,Women Dresses,1720.0,"Women's maxi fit and flare dress. Made from 100% cotton. Straight fit with shoulder straps, sleeveless, and maxi length. Solid pattern. Casual occasion wear. Machine washable.",blue,"L, M, XS",,,,
Majestic Man Slim Fit Satin Cotton Formal Shirt for Men,Shirts,1499.0,"Majestic Man Men's Slim Fit Formal Shirt in satin cotton with spread collar and full sleeves. Pre-washed pure cotton for extremely soft finish with no shrinkage. Breathable in summer, insulating in wi","Black, Light Blue, Maroon, Milky White, Light green, Dark Grey, Navy Blue, Dusty Mauve, Light Purple, Pastel Clay, Wine, Dusty Pink, Pink, Cream, Dark Oak","XL, 4XL, M, L, S, 3XL, 2XL",,,,
Miss Chase Women Jumpsuit,Women Jumpsuits,1999.0,"Women's layered jumpsuit with one shoulder neck and full sleeves. Made from 100% polyester georgette fabric. Relaxed fit with zip closure, regular length, and geometric pattern. Suitable for party wea","Midnight Purple, Enchant Off White & Beige, Cosmos Wine, Dusk Black & Lavender, Sorrow Black, Multicolored Base Spirit Blue, Midnight Black, Ember Wine, Phantom Pink, Mystic Mauve, Eclipse Black & Silver, Storm Wine, Prism Teal, Cosmos Black, Multicolored Base Starfall Yellow, Abyss Black, Skyline Wine, Smoke Black And Green, Horizon Turquoise, Multicolored-Base-Navy Blue, Drift Blue, Skyline Burgundy, Multicolour, Mystic Wine, Crystal Purple, Mystic Teal","XL, M, XS, L, S, 3XL, 2XL",,,,
Miss Chase Women's V Neck Asymmetric Embellished Maxi Georgette Dress,Women Dresses,1808.0,"Women's V neck asymmetric embellished maxi dress. Made from 100% polyester georgette fabric. Relaxed fit with asymmetric flared sleeves, zip closure, maxi length, and 2 side pockets. Self design patte",Royal Blue,"XL, M, XS, L, S, 2XL",,,,
SMOWKLY Women's Georgette Floral Printed Western Gown Half Sleeve V Neck Fit & Flare A-Line Maxi Dress,Women Dresses,649.0,"Women's georgette floral printed western gown with half sleeve and V neck. Fit and flare style with flared hem design, puff sleeves, and square neck. A-line maxi dress crafted from high-quality george","Pink, Blue","XL, M, L, 3XL, 2XL",,,,
Miss Chase Women's Square Neck Short Sleeve Embellished Layered Maxi Dress,Women Dresses,1499.0,"Women's square neck short sleeve embellished layered maxi dress. Made from 100% polyester georgette fabric. Relaxed fit with pleated layered style, zip closure, and maxi length. Embellished pattern. S",Teal,"XL, M, XS, L, S, 2XL",,,,
Miss Chase Women's Halter Neck Sleeveless Solid Wide Leg Sequin Paneled Jumpsuit,Jumpsuits,3199.0,"Miss Chase Women's Halter Neck Sleeveless Wide Leg Jumpsuit with sequin paneling in 100% polyester. Features relaxed fit, zipper closure, and regular length. Perfect for party, casual, and evening wea","Crimson Wine, Raven Black, Dark Purple & Black, Ink Black, Quartz Pink, Almond White, Midnight Black, Cabernet Wine, Plum Wine, Abyss Black, Black, Berry Wine, Panther Black, Peacock Teal, Wine, Garnet Wine, Ivory White, Onyx Black, Eggshell White, Dark Lavender, Off White, Black & Lavender, Dark Purple, Green, Pink","XL, M, XS, L, S, 2XL",,,,
ONLY Women's Embellished A-Line Shift Mini Dress,Dresses,5999.0,"ONLY Women's Embellished A-Line Shift Mini Dress in 100% polyester with sequin pattern. Features boat neck, long sleeves, and shift fit. Machine washable. Perfect for party occasions.",Surf the Web,"S, M, XS",,,,
VERO MODA Above The Knee Sheath Dress for Women,Dresses,4999.0,"VERO MODA Women's Above The Knee Sheath Dress in 95% polyester, 5% elastane with embellished pattern. Features V-neck, sleeveless design. Dry clean only. Perfect for party occasions.",Black,"L, S, M",,,,
VERO MODA Maxi Fit and Flare Dress for Women,Dresses,3999.0,"VERO MODA Women's Maxi Fit and Flare Dress in 100% cotton with floral pattern. Features V-neck, long sleeves, and machine washable. Perfect for casual occasions.","Jet Black, Birds Egg Green","XL, M, XS, L, S",,,,
VERO MODA Mini Sheath Dress for Women,Dresses,6999.0,"VERO MODA Women's Mini Sheath Dress in 100% polyester with embellished pattern. Features V-neck, long sleeves, and sheath fit. Machine washable. Perfect for casual occasions.",Golden Fleece,"XL, M, XS, L, S",,,,
Bewakoof Women's Cotton Graphic Print Boyfriend Fit Plus Size T-Shirt,T-Shirts,1299.0,"Bewakoof Women's 100% Cotton Graphic Print Boyfriend Fit T-Shirt in single jersey fabric. Features round neck, half sleeves, relaxed fit, standard length. Plus size available. Perfect for casual styli",Jet Black,"5XL, 4XL, 6XL",,,,
Bewakoof Official Squid Game Merchandise Women's 100% Cotton 220 GSM Typography Oversized Fit Half Sleeve Round Neck Cotton Jersey T-Shirt,Women T-Shirts,679.0,"Oversized t-shirt for women with half sleeve design. Relaxed oversized fit designed for everyday comfort with casual streetwear-inspired vibe. Made from 100% cotton fabric that is soft, breathable, an","White, Jet Black, Aventurine, Jet Black01","XL, M, XS, L, S, 3XL, 2XL",,,,
Miss Chase Women's Collared V-Neck 3/4 Sleeve Cotton Top,Women Tops,799.0,"Women's collared V-neck top with 3/4 sleeves. Made from 100% cotton single jersey fabric. Relaxed fit with spread collar, hook closure, and regular length. Versatile for party wear, casual wear, daily","Jet Black, Rich Maroon, Oxford Blue, Sky Blue, Navy Blue, Burnt Maroon, Onyx Black, Maroon and White, Ebony Black, Baby Blue","XL, M, XS, L, S, 2XL",,,,
Miss Chase Women's Polyester Relaxed Fit Blouse,Women Tops,787.0,"Women's polyester relaxed fit blouse with empire style. Features V-neck, 3/4 sleeves, buttoned closure, and maxi length. All over print self design pattern. Made from 100% polyester. Suitable for part",Mustard-Yellow,"XL, 4XL, M, XS, L, S, 3XL, 2XL",,,,
Marks & Spencer Womens Solid Polyester Blend Crew Neck Relaxed Fit T Shirt,Women T-Shirts,649.0,"Women's solid t-shirt with crew neck and relaxed fit. Made from 95% cotton, 5% elastane blend with added stretch for a figure-hugging fit. Short sleeve, boat neck, standard length. Features StayNew te",BLACK,"L, S, XS",,,,
TADKEE Women Casual Dress,Women Dresses,499.0,"Women's casual dress with printed design and collared neck. Made from cotton blend fabric. Above the knee length with puff sleeves and V-neck. Classic style suitable for casual wear, party wear, beach","Pink, Green, Yellow","XL, M, XS, L, S, 2XL",,,,
VERO Moda Midi Shirt Dress for Women,Women Dresses,1999.0,"Women's midi shirt dress. Made from 100% polyester with ethnic motifs pattern. Shirt style fit with collared neck, full sleeves, and midi length. Includes belt. Casual occasion wear. Machine washable.",Birch,"L, S, XL, XS",,,,
VERO Moda Maxi A-Line Dress for Women,Women Dresses,2000.0,"Stunning solid peach metallic lurex maxi dress. Crafted from 70% nylon, 30% metallic fibers. A-line fit and flared silhouette with sleeveless design, waist knotting, and centre front gathers. V-neck, ",Peach Nectar,"S, XS",,,,
Miss Chase Women's Embellished Square Neck Short Sleeves Tiered Maxi Co-Ord Set,Co-Ord Sets,5995.0,"Miss Chase Women's Embellished Square Neck Short Sleeves Waist Band Pocketed Tiered Maxi Co-Ord Set in 100% polyester. Features relaxed fit, zip closure, tiered design with pockets. Pack of 2 pieces. ",Mauve,"XL, M, XS, L, S, 2XL",,,,
Miss Chase Women's Halter-Neck Cap-Sleeve Pleated Embellished Georgette Maxi Dress,Dresses,4099.0,"Miss Chase Women's Halter-Neck Cap-Sleeve Pleated Embellished Georgette Maxi Dress in 100% polyester. Features V-neck, half sleeves, fit and flare style with zip closure and side pockets. Relaxed fit,","Tide Teal, Starburst Yellow, Fig Black, Maqui Blue, Base Loquat, Iron Rust, Lovely Peach, Raspberry Black, Wisteria Mauve, Snakefruit Green, Lychee Pink, Persimmon Orange, Feijoa Green, Mulberry Black, Base Serene Peach, Base Ice Blue, Base Mulled Wine, Huckleberry, Pinot Wine, Navy Blue, Syrah Wine, Elderberry Black, Rhubarb Pink","XL, 4XL, M, XS, L, S, 3XL, 2XL",,,,
LITZO Women's Solid Pleated Maxi Dress Long Sleeve Loose Fit Flowy Gown,Dresses,3999.0,"LITZO Women's Solid Pleated Maxi Dress with long sleeves and loose fit flowy design in georgette fabric. Features round neck, A-line style, fit and flare shape. Perfect for casual, office, brunch, par","Black, Grey","XL, M, L, S, 2XL",,,,
Tagas Women's Baggy High Waist Jeans,Jeans,2499.0,"Tagas Women's Baggy High Waist Denim Jeans with cropped length. Features button closure, pockets, and zipper. Regular fit, modern style. Machine washable. Perfect for casual and party occasions.","TEAL GREEN, COFFEE, WHITE, GREEN, CREAM, DARK GREY","30, 32, 26, 34, 28",,,,
Nifty Women's Cotton Blend Stretchable Mid Rise Jeans,Jeans,1299.0,"Nifty Women's Cotton Blend Stretchable Mid Rise Jeans in denim. 70.5% cotton, 27.5% poly, 2% spandex. Features ankle length, slim style, button closure, 5 pockets. Machine washable. Perfect for casual","Azure, Black, Sky Blue, Blue, Grey, Carbon Blue","38, 30, 36, 32, 26, 40, 34, 28",,,,
Marks & Spencer Women's Polyester Regular Fit Blouse,Blouses,2499.0,"Marks & Spencer Women's Satin Printed Tie Front Blouse in 100% polyester. Features notched collar, long sleeves, regular fit with tie fastening at front. Lustrous satin finish for a luxurious feel. M&",BROWN MIX,"XL, 4XL, M, XS, L, S, 3XL, 2XL",,,,
ROCKSY Formal Smart Casual Blazer for Women Regular Fit,Blazers,1999.0,"ROCKSY Women's Regular Fit Single Breasted Blazer in 70% cotton, 30% polyester. Features button closure, machine washable. Perfect for formal and smart casual occasions.","Light Blue, Black, Maroon, Yellow, Blue, Green","XL, M, L, S, 2XL",,,,
MAYKR Women Formal Blazer Solid Grey Professional Workwear Coat,Blazers,1599.0,"MAYKR Women's Formal Single Breasted Blazer in polyester with solid pattern. Premium tailored fit with classic lapel design and button closure. Perfect for office, formal meetings, parties, and smart ",Grey,"L, 2XL",,,,
Bewakoof Women's Cotton Oversized Fit Joggers Air 1.0,Joggers,1799.0,"Bewakoof Women's Oversized Fit Cotton Blend Joggers with cargo style. 60% cotton, 40% polyester, 240 GSM lightweight fabric. Features drawstring closure, elastic waist, utility pockets. Perfect for ca","Whisper Pink, Jet Black","XL, 4XL, M, 5XL, 6XL, XS, L, S, 3XL, 2XL",,,,
Aahwan Women's Wide Leg Baggy Cargo Pants with Pockets,Cargo Pants,1999.0,"Aahwan Women's Wide Leg Baggy Cargo Pants in 100% cotton. Features high waist, elastic waist, pull on closure, flap pockets, and straight loose fit. Long length, solid pattern. Perfect for all occasio","Black, Cadet Grey, Grey, Green, Khaki","30, 32, 26, 34, 28",,,,
Bewakoof Women's Cotton Graphic Print Boyfriend Fit Plus Size T-Shirt,T-Shirts,1299.0,"Bewakoof Women's 100% Cotton Graphic Print Boyfriend Fit T-Shirt in single jersey fabric. Features round neck, half sleeves, relaxed fit, standard length. Plus size available. Perfect for casual styli",Jet Black,"5XL, 4XL, 6XL",,,,
Van Heusen Women's Cotton Regular Fit Polo T-Shirt,Women T-Shirts,849.0,Women's polo t-shirt with regular fit. Made from 100% cotton. Half sleeve design with collared neck and standard length. Casual occasion wear. Solid pattern.,"Light Olive, Yellow Ochre, Lilac, Light Blue, Pink, Navy, White","XL, M, XS, L, S, 2XL",,,,
Van Heusen Women's Cotton Regular Fit T-Shirt,Women T-Shirts,1191.97,"Women's regular fit t-shirt with western style. Made from 95% viscose, 5% spandex blend. Half sleeve, collarless, standard length. Casual occasion wear. Solid pattern.","Pink, Light Blue","XL, M, XS, L, S, 2XL",,,,
VERO Moda Knee-Length Fit and Flare Dress (Fiesta),Women Dresses,1519.0,"100% Viscose. Printed/Floral pattern, Tie-up Neck, 3/4th Sleeves, Tie-Knot closure, Fit and Flare style, Knee length. Occasion: Casual.",Fiesta,"S, M, XS",,,,
VERO Moda Women Cotton Solid Slim Fit Full Sleeves Top | Lettuce Hemline,Women Tops,720.0,"Women's solid slim fit top with full sleeves and lettuce hemline. Made from 95% cotton, 5% spandex. Regular fit with scoop neck, collarless, standard length. Long sleeve design. Machine washable.","Red Violet, Birch","XL, S, L, XS",,,,
VERO Moda Below The Knee Shirt Dress for Women,Women Dresses,2000.0,"Women's below the knee shirt dress. Made from 100% polyester with geometric print pattern. Regular fit, shirt dress style with spread collar, full sleeves, and below the knee length. Includes belt. Ma",Birch,"XL, S, XS",,,,
Miss Chase Women's Round Neck Sleeveless Embellished Frilled Georgette Maxi Dress,Women Dresses,1883.0,"Women's round neck sleeveless embellished frilled georgette maxi dress. Made from 100% polyester. Relaxed fit with frilled style, zip closure, maxi length, and 2 side pockets. Embellished pattern. Sui",Yellow,"L, XL, M, XS",,,,
Miss Chase Women's Dusty Green and Golden Solid Embellished Asymmetric Maxi Dress,Women Dresses,1899.0,"Women's dusty green and golden solid embellished asymmetric maxi dress. Made from 96% polyester, 4% elastane. Relaxed fit with one-shoulder neck, full sleeves, and maxi length. Embellished asymmetric ",Dusty Green And Golden,"XL, S, XS",,,,
Miss Chase Women's Round Neck Sleeveless Floral Wide Leg Regular Jumpsuit,Women Jumpsuits,1999.0,"Women's floral wide leg jumpsuit with round neck and sleeveless design. Made from 100% polyester. Relaxed fit with zip closure, regular length, and 2 side pockets. Ankle-length jumpsuit perfect for ca","Multicolored Base Deep Blue, Red & Black, Multicolored Base Light Pink, Multicolored Base Mustard, Multicolored Base Peach, Multicolored Base Black, Multicolored Base Iris Blue, Multicolored Base Yellow, Multicolored Base Oxford blue, Multicolored Base Butter Yellow","XL, M, XS, L, S",,,,
VERO Moda Knee-Length A-Line Dress for Women,Women Dresses,1800.0,"Women's knee-length A-line dress. Made from 100% polyester. A-line fit with V-neck, bishop sleeves (full sleeves), and knee length. Floral print pattern. Casual occasion wear. Machine washable.",Transparent Yellow,"XL, S, M, XS",,,,
Miss Chase Women's Embellished V-Neck Full Sleeve Pleated Slim Fit Maxi Dress,Women Dresses,1799.0,"Women's embellished V-neck full sleeve pleated slim fit maxi dress. Made from 96% polyester, 4% elastane. Slim fit with pleated style, zip closure, and longline length. Suitable for casual wear, daily",Mint,"XL, M, XS, L, S",,,,
ONLY Women's Floral Printed Fit & Flare Midi Dress,Women Dresses,1470.01,"Women's floral printed fit and flare midi dress. Made from 99% polyester, 1% lurex blend. Fit and flare style with V-neck, long sleeves, and midi length. Printed pattern with pull on closure. Machine ",Festival Fuchsia,"XL, M, XS, L, S",,,,
Chase Lifestyle Private Limited Women's Relaxed Fit Maxi Lurex Chiffon Dress,Women Dresses,1724.0,"Women's relaxed fit maxi lurex chiffon dress with tiered style. Made from 100% polyester. V-neck, full sleeves, maxi length with zip closure and 2 side pockets. Bohemian pattern. Suitable for casual w",Multicolored-Base-Brown,"XL, M, XS, L, S, 2XL",,,,
ONLY Gold-Toned Embellished Print A-Line Dress,Women Dresses,1720.0,"Women's gold-toned embellished print A-line dress. Made from 97% polyester, 3% spandex. A-line fit with square neck, short sleeves, and mini length. Self design solid pattern. Party occasion wear. Dry",Nugget Gold,"XL, S, L, XS",,,,
ONLY Solid Polyester Womens Casual Top,Women Tops,1720.0,"Women's solid polyester casual top with skater style. Made from 100% polyester. Fit and flare with square neck, sleeveless, and above the knee length. Self design solid pattern. Party occasion wear. M",Acid Lime,"L, XS",,,,
VERO Moda Maxi Modern Dress for Women,Women Dresses,1548.0,"Women's maxi modern dress. Made from 100% polyester. A-line fit with square neck, puff sleeves (short sleeves), and maxi length. Solid pattern. Casual occasion wear. Machine washable.",Granita,"S, M, XS",,,,
ONLY Self Design V-Neck Extended Sleeves Basic Jumpsuit,Women Jumpsuits,1600.0,"Women's self design V-neck basic jumpsuit with extended sleeves. Made from 100% polyester. Relaxed fit with cap sleeves, V-neck, and button closure. Solid pattern. Casual wear.",Golden Brown,"XL, S, L, M",,,,
VERO Moda Maxi Modern Dress for Women,Women Dresses,1600.0,"Women's maxi modern dress. Made from 100% viscose. Fit and flare style with V-neck, sleeveless, and maxi length. Floral print pattern. Casual occasion wear. Machine washable.",Mellow Yellow,"XL, M, XS, L, S",,,,
VERO Moda Midi Fit and Flare Dress for Women,Women Dresses,1600.0,"Women's midi fit and flare dress. Made from 100% polyester. Fit and flare style with V-neck, full sleeves, and midi length. Floral print pattern. Casual occasion wear. Machine washable.",Sugar Swizzle,XS,,,,
ONLY Checked Smocked Shirt Collar Pure Cotton Fit & Flare Dress,Women Dresses,1600.0,"Women's checked smocked shirt collar pure cotton fit and flare dress. Made from 100% cotton. Fit and flare with spread collar, puff sleeves, and mini length. Checkered pattern. Casual occasion wear. M",Fandango Pink,"L, M",,,,
VERO Moda Calf Length A-Line Dress for Women,Women Dresses,1600.0,"Women's calf length A-line dress. Made from 70% cotton, 30% linen blend. Flared fit with V-neck, short sleeves, and calf length. Striped pattern. Casual occasion wear.",Fiery Red,XL,,,,
ONLY Peach-Coloured Drop-Waist Dress,Women Dresses,1600.0,"Women's peach-coloured drop-waist dress. Made from 100% polyester. Regular fit A-line style with crew neck/round neck, short sleeves, and mini length. Stripes pattern. Party occasion wear.",Misty Rose,"XL, M, XS, L, S",,,,
VERO MODA Solid Polyester Round Neck Womens Mini Dress,Women Dresses,1600.0,"Women's solid polyester round neck mini dress. Made from polyester. A-line style with round neck, full sleeves, and midi length. Solid pattern. Casual occasion wear.",Mahogany,XS,,,,
ONLY Women's Puff Sleeve Pure Cotton Mini A-Line Dress with Cut Outs,Women Dresses,1720.0,"Women's puff sleeve pure cotton mini A-line dress with cut outs. Made from 100% cotton. Fit and flare style with round neck, long sleeves, and above the knee length. Solid pattern with button closure.",Light Blue Denim,"XL, M",,,,
VERO MODA Mini A-Line Dress for Women,Women Dresses,1692.0,"Women's mini A-line dress. Made from 100% cotton. Shift fit with spread collar, full sleeves, and mini length. Abstract print pattern. Casual occasion wear.",Harvest Gold,"S, M, XS",,,,
VERO Moda Midi A-Line Dress for Women,Women Dresses,1600.0,"Women's midi A-line dress. Made from 100% polyester. A-line fit with halter neck, sleeveless, and midi length. Abstract print pattern. Casual occasion wear. Machine washable.",Powder Blue,"XL, L, XS",,,,
ONLY Women's Bodycon Mini Dress,Women Dresses,1600.0,"Women's bodycon mini dress. Made from 100% cotton. Bodycon fit with round neck, long sleeves, and mini length. Self design pattern. Casual occasion wear. Machine washable.",Downtown Brown,"L, XL",,,,
VERO MODA Midi A-Line Dress for Women,Women Dresses,1600.0,"Women's midi A-line dress. Made from 100% polyester. A-line fit with shoulder straps, sleeveless, and midi length. Printed solid pattern with back tie knot closure. Casual occasion wear.",Celery,L,,,,
ONLY V-Neck Kimono Sleeveless Basic Jumpsuit,Women Jumpsuits,1600.0,"Women's V-neck kimono sleeveless basic jumpsuit. Made from 100% polyester. Loose fit with V-neck, short sleeves, and zipper closure. Solid pattern. Modern style.",Ponderosa Pine,"XL, L, XS",,,,
VERO Moda Knee-Length Fit and Flare Dress for Women,Women Dresses,1600.0,"Women's knee-length fit and flare dress. Made from polyester. Fit and flare style with crew neck/round neck, full sleeves, and knee length. Self design pattern. Casual occasion wear.",Snow White,S,,,,
VERO Moda Knee-Length Fit and Flare Dress for Women,Women Dresses,1599.0,"Women's knee-length fit and flare dress. Made from 100% polyester. Fit and flare style with V-neck, full sleeves, and knee length. Floral print pattern. Casual occasion wear. Machine washable.",Fuchsia Rose,"S, XS",,,,
Miss Chase Women's Square Neck Half Sleeve Geometric Pleated Silk Jumpsuit,Women Jumpsuits,1599.0,"Women's square neck half sleeve geometric pleated silk jumpsuit. Made from 50% polyester, 30% silk, 20% cotton. Relaxed fit with pleated style, square neck, half sleeves, zip closure, regular length, ",Multicolored Base Beige,"S, XS",,,,
Miss Chase Women's Mustard-Yellow Halter Neck Sleeveless Solid Ruffled Regular Jumpsuit,Women Jumpsuits,1599.0,"Women's mustard-yellow halter neck sleeveless solid ruffled regular jumpsuit. Made from 100% polyester. Relaxed fit with halter neck, sleeveless, zip closure, regular length, and 2 side pockets. Solid",Mustard-Yellow,XL,,,,
Marks & Spencer Women Dress,Women Dresses,1588.29,"Women's mesh jersey column midi dress with floral print. Made from polyester jersey fabric with stretch. Fit and flare style with round neck/slash neckline, sleeveless, and high-low length. Lined for ",BRIGHT SAGE,"XL, M, L, S, 2XL",,,,
Miss Chase Women's Black Solid Asymmetric Sequined Maxi Dress,Women Dresses,1588.0,"Women's black solid asymmetric sequined maxi dress. Made from 96% polyester, 4% elastane. Slim fit with V-neck, full sleeves, and maxi length. Sequined solid pattern. Suitable for party wear, casual w",Black,"XL, S, XS",,,,
VERO MODA Knee Length A-Line Dress (Ivy Green),Women Dresses,1575.0,"Pattern: Floral print. Fabric: Cotton. Half Sleeve, Round Neck, Knee Length, A-Line style. Occasion: Casual.",Ivy Green,S,,,,
VERO MODA Knee-Length Shift Dress (Peridot),Women Dresses,1520.0,"100% Polyester. Geometric printed mini dress with short raglan sleeves, round neck, belt tie up at waist, straight fit, knee length. Button & Tie-ups closure. Machine Wash.",Peridot,S,,,,
VERO Moda Midi Modern Dress (Coral Cloud),Women Dresses,1519.0,"100% Polyester. A-Line Fit, Abstract Print, Tie-Up Neck, Full Sleeves (Raglan), Midi length. Includes Belt. Machine Wash. Occasion: Casual.",Coral Cloud,"L, XS",,,,
Miss Chase Women's V-Neck Full Sleeve Embellished Asymmetric Regular Length Polyester Jumpsuit with Pockets,Women Jumpsuits,1598.0,"Women's V-neck full sleeve embellished asymmetric regular length jumpsuit with pockets. Made from 96% polyester, 4% elastane. Relaxed fit with V-neck, full sleeves, zip closure, and 2 side pockets. Em",Wine,"XL, M, XS, L, S",,,,
Miss Chase Women's Light Burgundy V-Neck Sleeveless Solid Ruffled Regular Jumpsuit,Women Jumpsuits,1575.0,"Women's light burgundy V-neck sleeveless solid ruffled regular jumpsuit. Made from 100% polyester. Relaxed fit with V-neck, sleeveless, zip closure, and regular length. Solid ruffled style. Suitable f",Light Burgundy,"L, XL, M",,,,
Miss Chase Women's Dusty Lavender Round Neck Sleeveless Embellished Midi Dress,Women Dresses,1599.0,"Women's dusty lavender round neck sleeveless embellished midi dress. Made from 100% polyester georgette. Relaxed fit and flare with round neck, sleeveless, and midi length. Wrap/asymmetric/embellished",Dusty Lavender,"S, XS",,,,
Miss Chase Sweetheart Neckline Paisley Tiered Maxi Georgette Dress,Women Dresses,1599.0,"Fabric: 100% Polyester Georgette. Relaxed Fit, Maxi length, Floral/Paisley pattern, Zip closure, Tiered style, V-Neck, Sleeveless. Occasion: Party Wear, Casual Wear, Daily Wear, Evening Wear.",Multicolored-Base-Sky Blue,XS,,,,
Miss Chase Sweetheart Ruffled Sleeves Solid Ruching Mini Playsuit,Women Jumpsuits,1398.0,"Fabric: 100% Polyester. Slim Fit, Pleated style, Solid pattern, Zipper closure, High Neck, Sleeveless, Regular length. Occasion: Party Wear, Casual Wear, Daily Wear, Evening Wear.","Teal, Black","XL, M, XS, L, S",,,,
VERO Moda Midi Sheath Dress (Cambridge Brown),Women Dresses,1548.0,"Fabric: 100% Polyester. Solid pattern, Sleeveless, V-Neck, Belt & zip closure, Midi length, Sheath style. Occasion: Casual.",Cambridge Brown,"XL, XS",,,,
VERO Moda Above The Knee Fit and Flare Dress,Women Dresses,1320.0,"Fabric: 80% Viscose-Lenzing Ecovero, 20% Nylon. Fit and Flare, Floral Print, Mandarin Collar, Long Sleeves, Above the Knee. Machine Wash. Occasion: Casual.","Bleached Sand, Scarab, Urban Chic","XL, M, XS, L, S",,,,
VERO Moda Knee-Length Shift Dress (Green Floral),Women Dresses,1520.0,"100% Viscose. Floral pattern, Boat Neck, 3/4 Sleeves, Drawstring closure, Shift style, Knee length. Occasion: Casual.",Green,"XL, S, L, XS",,,,
VERO MODA Midi Fit and Flare Dress (Silver Sconce),Women Dresses,1520.0,"Material: 98% Viscose 2% Lurex. Textured pattern, Sleeveless, V-Neck, Midi length, Fit and Flare style. Occasion: Casual.",Silver Sconce,"XL, M, XS, L, S",,,,
ONLY Women Multicoloured Shirt Dress (Cloud Dancer),Women Dresses,1520.0,"100% Polyester. Printed pattern, Spread Collar, 3/4 Sleeves, Classic style, Midi length. Occasion: Casual.",Cloud Dancer,S,,,,
